[{
  "_id": {
    "$oid": "67fa05f4abe0359c53b5f899"
  },
  "name": "Sayan_Mondal",
  "roll": "007",
  "school": "SOET",
  "hostel_info": "N/A"
},
{
  "_id": {
    "$oid": "67fa0aa3abe0359c53b5f89a"
  },
  "name": "Priyam Saha",
  "roll": 28,
  "school": "SOET",
  "hostel_info": "N/A"
},
{
  "_id": {
    "$oid": "67fa0aa3abe0359c53b5f89b"
  },
  "name": "Rupha Ghosh",
  "roll": 41,
  "school": "SOET",
  "hostel_info": "N/A"
},
{
  "_id": {
    "$oid": "67fa0aa3abe0359c53b5f89c"
  },
  "name": "Amrita Sikdar",
  "roll": 9,
  "school": "SOET",
  "hostel_info": "N/A"
},
{
  "_id": {
    "$oid": "67fa0bd4b1eb2c3ad4b7caaf"
  },
  "name": "Sagnik Bhattacharya",
  "roll": "031",
  "school": "SOET",
  "hostel_info": "N/A"
}]